page,TotalViews,panel
Paul El Kharrat,14895,Personnalité du secteur des médias
Éric Zemmour,7813,Personnalité du secteur des médias
Émile Zola,5968,Personnalité du secteur des médias
Voltaire,5588,Personnalité du secteur des médias
Gilles Gressani,5303,Personnalité du secteur des médias
Olympe de Gouges,4653,Personnalité du secteur des médias
John Textor,4616,Personnalité du secteur des médias
Michel Onfray,4126,Personnalité du secteur des médias
Salman Rushdie,2916,Personnalité du secteur des médias
Louis-Ferdinand Céline,2651,Personnalité du secteur des médias
Christian Quesada,1935,Personnalité du secteur des médias
Charles Maurras,1748,Personnalité du secteur des médias
Mélissa Theuriau,1744,Personnalité du secteur des médias
Réalisateur,1611,Personnalité du secteur des médias
Philippe Val,1503,Personnalité du secteur des médias
Théophile Gautier,1427,Personnalité du secteur des médias
Gérard de Nerval,1318,Personnalité du secteur des médias
Journaliste,1268,Personnalité du secteur des médias
Marcel Bezençon,1067,Personnalité du secteur des médias
Marc-Édouard Nabe,1067,Personnalité du secteur des médias
Yann Moix,1065,Personnalité du secteur des médias
Bertolt Brecht,1040,Personnalité du secteur des médias
Jean-François Kahn,1035,Personnalité du secteur des médias
Jean-François Revel,984,Personnalité du secteur des médias
Terry Gilliam,929,Personnalité du secteur des médias
Bobbi Kristina Brown,910,Personnalité du secteur des médias
Jean-Edern Hallier,802,Personnalité du secteur des médias
Nicolas Domenach,790,Personnalité du secteur des médias
Daniel Riolo,749,Personnalité du secteur des médias
Alec Guinness,730,Personnalité du secteur des médias
Pierre Ménès,717,Personnalité du secteur des médias
Vincent Labrune,670,Personnalité du secteur des médias
Éric Naulleau,633,Personnalité du secteur des médias
Philippe Tesson,610,Personnalité du secteur des médias
John B. Root,594,Personnalité du secteur des médias
Dominique Reynié,580,Personnalité du secteur des médias
Edward Bernays,574,Personnalité du secteur des médias
Édouard Drumont,563,Personnalité du secteur des médias
Alan Parker,497,Personnalité du secteur des médias
François Cavanna,478,Personnalité du secteur des médias
Richard Millet,475,Personnalité du secteur des médias
Lucien Rebatet,467,Personnalité du secteur des médias
Didier Daeninckx,370,Personnalité du secteur des médias
Jacques-René Hébert,352,Personnalité du secteur des médias
Patrick Font,339,Personnalité du secteur des médias
Robert Musil,332,Personnalité du secteur des médias
Henry Bauër,332,Personnalité du secteur des médias
Barry Diller,326,Personnalité du secteur des médias
Maurice G. Dantec,301,Personnalité du secteur des médias
Guillaume Faye,301,Personnalité du secteur des médias
Théodore de Banville,275,Personnalité du secteur des médias
Jean Dutourd,271,Personnalité du secteur des médias
Alessandro Baricco,268,Personnalité du secteur des médias
Louis Pauwels,257,Personnalité du secteur des médias
Stéphanie Tesson,244,Personnalité du secteur des médias
William Randolph Hearst,244,Personnalité du secteur des médias
Martin Ajdari,233,Personnalité du secteur des médias
Roland Cayrol,229,Personnalité du secteur des médias
Philippe Muray,220,Personnalité du secteur des médias
René Malleville,217,Personnalité du secteur des médias
Douglas Murray (écrivain),186,Personnalité du secteur des médias
Hanoi Hannah,182,Personnalité du secteur des médias
Bertrand Poirot-Delpech,171,Personnalité du secteur des médias
Jacques Laurent,168,Personnalité du secteur des médias
Klaus Mann,165,Personnalité du secteur des médias
Rami Abou Jamous,159,Personnalité du secteur des médias
Jacques de Guillebon (journaliste),156,Personnalité du secteur des médias
Paul Bowles,155,Personnalité du secteur des médias
Fabienne Pascaud,151,Personnalité du secteur des médias
Dominique Grimault,148,Personnalité du secteur des médias
Magnat des médias,142,Personnalité du secteur des médias
Meurtre de journalistes pendant la guerre Israël-Hamas,142,Personnalité du secteur des médias
Béchir Ben Yahmed,139,Personnalité du secteur des médias
Don DeLillo,138,Personnalité du secteur des médias
Léo Taxil,136,Personnalité du secteur des médias
Matthieu Galey,132,Personnalité du secteur des médias
Thierry Maulnier,132,Personnalité du secteur des médias
Carl Theodor Dreyer,130,Personnalité du secteur des médias
Pierre Tevanian,128,Personnalité du secteur des médias
Pierre Bourgault,126,Personnalité du secteur des médias
Correspondant de guerre,125,Personnalité du secteur des médias
Jacques Perret (écrivain),123,Personnalité du secteur des médias
Michel Eddé,123,Personnalité du secteur des médias
Grant Imahara,114,Personnalité du secteur des médias
Polémiste,105,Personnalité du secteur des médias
Theodor Fontane,103,Personnalité du secteur des médias
Geneviève Dormann,103,Personnalité du secteur des médias
Kyle Rittenhouse,102,Personnalité du secteur des médias
Frank Caprio,101,Personnalité du secteur des médias
Louis Veuillot,101,Personnalité du secteur des médias
Sun Myung Moon,99,Personnalité du secteur des médias
Stéphane Pauwels,99,Personnalité du secteur des médias
Thierry Pech,96,Personnalité du secteur des médias
Charles-Louis Havas,94,Personnalité du secteur des médias
Louis Marie Stanislas Fréron,93,Personnalité du secteur des médias
Jean-Louis Missika,92,Personnalité du secteur des médias
Rémy N'Gono,91,Personnalité du secteur des médias
Thomas Friedman,90,Personnalité du secteur des médias
Henri Massis,89,Personnalité du secteur des médias
Jacques Copeau,87,Personnalité du secteur des médias
